Account name,Account manager,Billing Type,Brand,Contact email,Office Location,Person Name,Phone number,Sales POC,Sourcing Team,Status,Technologies,Type
Girnarsoft,Paras Gulati,Active,Delphic Global,pragya.tailor@girnarsoft.com,Jaipur-India,"Pragya, Garv, Navya, Yash",8824337298,"Chahak, Diksha",SynergiX,Bulk,"Android, DBA, Java, Oracle, Python",T&M
Tech Matrix Consulting,Paras Gulati,Active,Delphic Global,usha.c@techmatrixconsulting.com,Noida-India,Usha ,9351276687,Tanvi Saxena,SynergiX,Bulk,,T&M
Zipgigz,Paras Gulati,Hold,Cozzera International,gazala.shareef@zipgigz.com,Mumbai-India,Gazala,9820599173,Tanvi Saxena,SynergiX,1st,,T&M
Apaar Information Systems,Paras Gulati,Active,Delphic Global,nidhi.patel@apaarinfosystems.com,Mumbai-India,Nidhi,9930642350,Tanvi Saxena,SynergiX,1st,,T&M
Devlabsalliance,Paras Gulati,Active,Delphic Global,lavisha.varyani@devlabsalliance.com,Gurugram-India,Lavisha,8840416476,Tanvi Saxena,SynergiX,Bulk,"AI/ML, Appian QA, Automation, Data Engineers, Devops, Java, Python, SRE, Salesforce, Service Now",T&M
Hub-AI,Paras Gulati,Active,Delphic Global,chandanreddy@hubai.in,Bangalore-India,Chandan,-7386734810,Tanvi Saxena,SynergiX,,,T&M
Swarcklabs,Paras Gulati,Hold,Delphic Global,chirag.patel@swarcklabs.com,Ahmedabad-India,Chirag,+91 89809 16493,Tanvi Saxena,SynergiX,1st,,T&M
Latent HQ (Alpha OBS LLP),Biswajit Dey,,Delphic Global,anviksha@alphaobs.com,Pune-India,Anviksha,9511788775,Tanvi Saxena,SynergiX,Hold,,T&M
MERN Plus,Paras Gulati,,Delphic Global,suchita@mernplus.com,Jaipur-India,Smailto:suchita@mernplus.coma,+91 85599 00184,,SynergiX,Hold,,T&M
Protonshub Technologies,Biswajit Dey,Active,Delphic Global,sagar.purswani@protonshub.in,Indore-India,Sagar Purswani,-7828984090,Tanvi Saxena,SynergiX,Bulk,,T&M
Mobillor Technologies,Biswajit Dey,,Delphic Global,ankita.gantayat@mobillor.net,Noida-India,Ankita Gantayat,7682032364,Tanvi Saxena,SynergiX,,,T&M
Data Absolute,Paras Gulati,Active,Delphic Global,Info@dataabsolute.com,Jaipur-India,Shankar,9314425127,Tanvi Saxena,SynergiX,Hold,,T&M
Cyntexa,Biswajit Dey,,Delphic Global,,Jaipur-India,Tushar,,Chahak,SynergiX,,,T&M
Sinon Tech [Naeya Tech],Biswajit Dey,Active,Cozzera International,,Ahmedabad-India,Sumeet,,Tanvi Saxena,SynergiX,Bulk,,T&M
BitSquad Software,Biswajit Dey,,Delphic Global,chetan@bitsquadsoftware.com,Indore-India,Chetan,?+91 9201987519,Chahak,SynergiX,,,T&M
ExpertRight ,Paras Gulati,Active,Delphic Global,,Jaipur-India,,,Chahak,SynergiX,1st,,T&M
ManekTech,Biswajit Dey,,Delphic Global,,Ahmedabad-India,Ankita,,Tanvi Saxena,SynergiX,Bulk,,T&M
MiiCare,Biswajit Dey,,Delphic Global,,London-England,John Wall,,Tanvi Saxena,SynergiX,1st,,T&M
Zordial Technologies,Biswajit Dey,,Delphic Global,,Jaipur-India,,,Tanvi Saxena,SynergiX,,,T&M
Techware Hut,Paras Gulati,Active,Delphic Global,,Kolkata-India,,,Tanvi Saxena,SynergiX,Hold,,T&M
Mavani Solution,Biswajit Dey,,Delphic Global,,Surat,,,Tanvi Saxena,SynergiX,,,T&M
Akhila Labs,Biswajit Dey,,Delphic Global,,Ahmedabad-India,Bhavik Kothari,99781 22030,Tanvi Saxena,SynergiX,,,T&M
EditorSuite,Biswajit Dey,,Delphic Global,,Jaipur-India,,,Tanvi Saxena,SynergiX,Hold,,Project
Be Round,Biswajit Dey,,Delphic Global,,Ahmedabad-India,Darshan Modi,,Tanvi Saxena,SynergiX,1st,,T&M
Orangebites,Biswajit Dey,,Delphic Global,guruprasad.bhambure@coditas.com,Pune-India,Guruprasad Bhambure,7276060391,Tanvi Saxena,SynergiX,Bulk,"AI/ML, Data Engineers, Devops, Java, MERN, Python",T&M
Mobikasa,Biswajit Dey,,,,Delhi-India,,,Tanvi Saxena,SynergiX,Hold,,T&M
Human Cloud,Biswajit Dey,,,,Pune-India,,,Tanvi Saxena,SynergiX,Hold,,T&M
Neosofttech,Biswajit Dey,,,,Mumbai-India,,,Tanvi Saxena,SynergiX,,,T&M
IFI,Biswajit Dey,,,,Mumbai-India,,,Tanvi Saxena,SynergiX,,,T&M
Austere,Paras Gulati,,,,Gurugram-India,,,Tanvi Saxena,SynergiX,,,T&M
Technoexponent,Biswajit Dey,,,,Kolkata-India,,,Chahak,SynergiX,,,"Project, T&M"
Digital Aptech,Paras Gulati,,,,Kolkata-India,,,Tanvi Saxena,SynergiX,Hold,,T&M
Techila Services,Paras Gulati,,,,Pune-India,,,Tanvi Saxena,SynergiX,Hold,,T&M
Cerebraix,Biswajit Dey,,,,Gurugram-India,,,,SynergiX,1st,,T&M
Trootech,Biswajit Dey,,,,Ahmedabad-India,,,Tanvi Saxena,SynergiX,,,T&M
Triazine,Paras Gulati,,,,Noida-India,,,Tanvi Saxena,SynergiX,Hold,,T&M
We route,Paras Gulati,,,,Pune-India,,,Tanvi Saxena,SynergiX,Hold,,T&M
Codevian,Paras Gulati,,,,Pune-India,,,Chahak,SynergiX,1st,,T&M
Zeptoh,Paras Gulati,,,,Chennai-India,,,Tanvi Saxena,SynergiX,Hold,,T&M
Desklay Technologies,Paras Gulati,,,,Indore-India,,,Tanvi Saxena,SynergiX,Hold,,T&M
Quess Corp,Paras Gulati,,,,Bangalore-India,,,Tanvi Saxena,SynergiX,Hold,,"Hiring, T&M"
Ecosmob,Biswajit Dey,,,,Ahmedabad-India,,,Tanvi Saxena,SynergiX,,,T&M
DRC System,Biswajit Dey,,,,Ahmedabad-India,,,Tanvi Saxena,SynergiX,,,T&M
Rishabh Software,Biswajit Dey,,,Anand.Shukla@rishabsoft.in,Ahmedabad-India,,,Tanvi Saxena,SynergiX,,,"Hiring, T&M"
Successive Digital,Biswajit Dey,,,nikhita.ramdham@successive.tech,Noida-India,Nikhita Ramdham,7499244607,Tanvi Saxena,SynergiX,Hold,,T&M
Aiprus,Biswajit Dey,,,,Noida-India,,,Tanvi Saxena,SynergiX,Hold,,T&M
Zcodiatech,Paras Gulati,,,,Chennai-India,,,Tanvi Saxena,SynergiX,Hold,,T&M
Thought Win,Paras Gulati,,,,Indore-India,,,Sweta Sharma,SynergiX,Hold,,"Hiring, T&M"
DianApps,Paras Gulati,,,,"Gurugram-India, Jaipur-India",,,Tanvi Saxena,SynergiX,1st,,T&M
DeployPool,Biswajit Dey,,,,Pune-India,,,Tanvi Saxena,SynergiX,,,T&M
Delta Cubes,Paras Gulati,,,,Hyderabad-India,,,Chahak,SynergiX,1st,,T&M
Evolvision Technologies,Biswajit Dey,,,,Ahmedabad-India,Jimit Joshi,,Tanvi Saxena,,,,T&M
AugmntX,Paras Gulati,,,,Bangalore-India,,,Tanvi Saxena,SynergiX,Hold,,T&M
EAD,Biswajit Dey,,,,Ahmedabad-India,"Abhiraj, Binoy",,Tanvi Saxena,,1st,,T&M
QuantumBot,Biswajit Dey,,,,Ahmedabad-India,Chetan Sheth,,Tanvi Saxena,,,,T&M
Nivida Software,Biswajit Dey,,,,Vadodara-India,Vanraj,,Tanvi Saxena,,,,T&M
OSP Labs,Paras Gulati,,,,Mumbai-India,,,Tanvi Saxena,,,,T&M
Moderna,Biswajit Dey,,,,,"Tarun, Rafi",,Chahak,,1st,,T&M
WrapDive,Biswajit Dey,,,,Bangalore-India,Shaun,,Tanvi Saxena,,Hold,,T&M
Codersbrain,Paras Gulati,,,,Bangalore-India,Stuti,,Chahak,,Hold,,T&M
Appzimes,Tanvi Saxena,,,,"Indore-India, Noida-India","Saloni, Pallavi",,Chahak,,Hold,,T&M
Mind Crew Tech,Tanvi Saxena,,,,Indore-India,Anjali,,Tanvi Saxena,,1st,,T&M
Areteminds,Paras Gulati,,,,Bangalore-India,Krati,,Chahak,,,,T&M
TridhiyaTech,Biswajit Dey,,,,Ahmedabad-India,Sagar Shah,,Tanvi Saxena,,Bulk,,"Project, T&M"
Intelliatech,Paras Gulati,,,,Indore-India,Manisha,,Chahak,,1st,,"Project, T&M"
Makanism Technology,Tanvi Saxena,,,,Ahmedabad-India,Krish,,Chahak,,1st,,T&M
Arcis Services Pvt. Ltd.,Tanvi Saxena,,,,Gurugram-India,Moh. Imlak,,Tanvi Saxena,,Hold,,T&M
Tech5Saga,Biswajit Dey,,,,Gurugram-India,Aman,,Tanvi Saxena,,Hold,,T&M
Nexosoft,Tanvi Saxena,,,,Noida-India,Nikhil,,Tanvi Saxena,,1st,,T&M
VVP Software,Tanvi Saxena,,,,Indore-India,Vinay,,Chahak,,,,T&M
Bluethink,Tanvi Saxena,,,,Noida-India,Suraj,,Tanvi Saxena,,1st,,T&M
Naveera Technology,Paras Gulati,,,,Madurai,Arunugam,,Tanvi Saxena,,1st,,T&M
Avenior,Tanvi Saxena,,,,Indore-India,Kajal,,Chahak,,1st,,T&M
Intellioz,Tanvi Saxena,,,,Noida-India,Varun,,Chahak,,1st,,T&M
Webknot,Tanvi Saxena,,,,Bangalore-India,Tarun,,Chahak,,1st,,T&M
SMT ,Tanvi Saxena,,,,Indore-India,Shruti,,Chahak,,1st,,T&M
Bestpeers,Tanvi Saxena,,,,Indore-India,Shubham,,Chahak,,1st,,T&M
Skywaves group,Paras Gulati,,,,,Gritika,,Tanvi Saxena,,1st,,T&M
