Issue key,Issue id,Summary,Custom field (Client),Custom field (Client),Custom field (Experience),Custom field (Location),Status,Created,Custom field (Multi-Assignee),Custom field (Multi-Assignee),Custom field (Multi-Assignee),Custom field (Multi-Assignee),Custom field (Multi-Assignee),Custom field (Multi-Assignee),Custom field (Multi-Assignee),Custom field (Multi-Assignee)Id,Custom field (Multi-Assignee)Id,Custom field (Multi-Assignee)Id,Custom field (Multi-Assignee)Id,Custom field (Multi-Assignee)Id,Custom field (Multi-Assignee)Id,Custom field (Multi-Assignee)Id,Reporter,Reporter Id,Comments,Comments,Comments,Comments,Comments,Comments,Comments,Comments,Comments,Comments,Comments,Comments,Comments,Comments,Comments,Comments,Comments
OUT-22317,57614,Workday PRISM-certified,ApaarInfosystem,,0-4yrs,Remote,Open,28/Aug/26 9:26 AM,Garv Gulati,Prashant Singh Hada,Sarthak Solanki,Shivani Sinha,Tanvi Saxena,,,712020:ec9d4891-6015-4d98-9edb-e2d531338090,712020:3b446a8d-8374-4088-846f-225155343891,712020:bf29b759-0312-4089-99ad-f56191f124a0,712020:9388b521-3985-43aa-80a7-8fe219fc219d,712020:180b6eb2-dca6-4aec-b67b-23a22e971f04,,,Tanvi Saxena,712020:180b6eb2-dca6-4aec-b67b-23a22e971f04,28/Aug/26 10:08 AM;712020:9388b521-3985-43aa-80a7-8fe219fc219d;job posting has been done,,,,,,,,,,,,,,,,
OUT-22314,57515,AI Engineer ,Protonshub,,5 yrs ,Remote,Shared,27/Aug/26 9:38 AM,,,,,,,,,,,,,,,Tanvi Saxena,712020:180b6eb2-dca6-4aec-b67b-23a22e971f04,27/Aug/26 2:51 PM;712020:180b6eb2-dca6-4aec-b67b-23a22e971f04;Mamoon and Harshit profile has shared ,,,,,,,,,,,,,,,,
OUT-22313,57514,Salesforce TOSCA Automation Engineer,Protonshub,,4+,Remote,Open,27/Aug/26 8:28 AM,Garv Gulati,Prashant Singh Hada,,,,,,712020:ec9d4891-6015-4d98-9edb-e2d531338090,712020:3b446a8d-8374-4088-846f-225155343891,,,,,,Tanvi Saxena,712020:180b6eb2-dca6-4aec-b67b-23a22e971f04,"27/Aug/26 10:05 AM;712020:3b446a8d-8374-4088-846f-225155343891;shared with qudaragent
shared with vvp","27/Aug/26 10:52 AM;712020:ec9d4891-6015-4d98-9edb-e2d531338090;shared with GTS
shared with brown fox
shared with Oak Tree Solutions
shared with Letitbex AI",27/Aug/26 1:28 PM;712020:ec9d4891-6015-4d98-9edb-e2d531338090;Received profile from brown fox,27/Aug/26 3:12 PM;63804f3f213a315af3473e76;[~accountid:712020:ec9d4891-6015-4d98-9edb-e2d531338090] When interview is scheduled of this profile ?,27/Aug/26 3:29 PM;712020:ec9d4891-6015-4d98-9edb-e2d531338090;[~accountid:63804f3f213a315af3473e76] Profile received but slot not conform yet ,,,,,,,,,,,,
OUT-22311,57448,Dynamics AX + CCaaS Developer ,Protonshub,,5-8 yrs ,Remote,Open,26/Aug/26 1:58 PM,Garv Gulati,Prashant Singh Hada,Tanvi Saxena,,,,,712020:ec9d4891-6015-4d98-9edb-e2d531338090,712020:3b446a8d-8374-4088-846f-225155343891,712020:180b6eb2-dca6-4aec-b67b-23a22e971f04,,,,,Tanvi Saxena,712020:180b6eb2-dca6-4aec-b67b-23a22e971f04,"26/Aug/26 2:15 PM;712020:3b446a8d-8374-4088-846f-225155343891;Shared with Nsqure
shared wih bluethink",26/Aug/26 3:20 PM;712020:ec9d4891-6015-4d98-9edb-e2d531338090;shared with Intellioz,"27/Aug/26 2:22 PM;712020:3b446a8d-8374-4088-846f-225155343891;Shared with Oaktree- no profiles
Shared with Neosft, no profils
",27/Aug/26 3:14 PM;63804f3f213a315af3473e76;[~accountid:712020:ec9d4891-6015-4d98-9edb-e2d531338090] any update from this vendor ?,27/Aug/26 3:30 PM;712020:ec9d4891-6015-4d98-9edb-e2d531338090;[~accountid:63804f3f213a315af3473e76] no,,,,,,,,,,,,
OUT-22308,57445,Data Tester,Protonshub,,10+ yrs ,Remote,Open,26/Aug/26 1:05 PM,Garv Gulati,Prashant Singh Hada,Tanvi Saxena,,,,,712020:ec9d4891-6015-4d98-9edb-e2d531338090,712020:3b446a8d-8374-4088-846f-225155343891,712020:180b6eb2-dca6-4aec-b67b-23a22e971f04,,,,,Tanvi Saxena,712020:180b6eb2-dca6-4aec-b67b-23a22e971f04,26/Aug/26 1:40 PM;712020:3b446a8d-8374-4088-846f-225155343891;Budget will be the challenge ,"26/Aug/26 1:46 PM;712020:3b446a8d-8374-4088-846f-225155343891;shared with AMwebtech-
shared with angularminds
shared with cubxo","26/Aug/26 3:56 PM;712020:ec9d4891-6015-4d98-9edb-e2d531338090;shared with IBOTIX

shared with Panorama

shared with Logiquad ",27/Aug/26 11:48 AM;712020:ec9d4891-6015-4d98-9edb-e2d531338090;Recived profile Logiquad ,27/Aug/26 2:23 PM;712020:3b446a8d-8374-4088-846f-225155343891;No new profiles from their end,27/Aug/26 3:15 PM;63804f3f213a315af3473e76;[~accountid:712020:ec9d4891-6015-4d98-9edb-e2d531338090] any update from these vendor ?,27/Aug/26 3:15 PM;63804f3f213a315af3473e76;[~accountid:712020:ec9d4891-6015-4d98-9edb-e2d531338090] when interview is scheduled of this profile ,27/Aug/26 3:22 PM;712020:ec9d4891-6015-4d98-9edb-e2d531338090;[~accountid:63804f3f213a315af3473e76] Monday ,,,,,,,,,
OUT-22307,57412,MDM Architect,Protonshub,,12+,Remote,Open,26/Aug/26 10:25 AM,Garv Gulati,Prashant Singh Hada,Tanvi Saxena,,,,,712020:ec9d4891-6015-4d98-9edb-e2d531338090,712020:3b446a8d-8374-4088-846f-225155343891,712020:180b6eb2-dca6-4aec-b67b-23a22e971f04,,,,,Tanvi Saxena,712020:180b6eb2-dca6-4aec-b67b-23a22e971f04,"26/Aug/26 11:00 AM;712020:3b446a8d-8374-4088-846f-225155343891;shared with shieninfo-No profile
Shared with Arnasoft-No profile
Shared with Golden Eagle-No profile
shared with vvp-","27/Aug/26 10:40 AM;712020:3b446a8d-8374-4088-846f-225155343891;shared with complere- no profile
shared with manureva- checking",,,,,,,,,,,,,,,
OUT-22306,57379,Security Gap analysis or red teaming,Girnarsoft_Pragya,pragya,5,Remote,Open,25/Aug/26 2:08 PM,Garv Gulati,Prashant Singh Hada,Tanvi Saxena,,,,,712020:ec9d4891-6015-4d98-9edb-e2d531338090,712020:3b446a8d-8374-4088-846f-225155343891,712020:180b6eb2-dca6-4aec-b67b-23a22e971f04,,,,,Diksha Yadav,63804f3f213a315af3473e76,"25/Aug/26 2:46 PM;712020:3b446a8d-8374-4088-846f-225155343891;shared with koli info
shared with bluethink","26/Aug/26 8:31 AM;712020:3b446a8d-8374-4088-846f-225155343891;Shared with moderna-
shared with VVP",27/Aug/26 2:24 PM;712020:3b446a8d-8374-4088-846f-225155343891;No update from vvp yet,,,,,,,,,,,,,,
OUT-22304,57313,.NET + Python + AI Developer,Devlabs,devlabz.simran,6,Hybrid-1-2days-aweek-HCLlocations,Open,25/Aug/26 11:44 AM,Prashant Singh Hada,Sarthak Solanki,Shivani Sinha,Tanvi Saxena,,,,712020:3b446a8d-8374-4088-846f-225155343891,712020:bf29b759-0312-4089-99ad-f56191f124a0,712020:9388b521-3985-43aa-80a7-8fe219fc219d,712020:180b6eb2-dca6-4aec-b67b-23a22e971f04,,,,Tanvi Saxena,712020:180b6eb2-dca6-4aec-b67b-23a22e971f04,25/Aug/26 1:26 PM;712020:9388b521-3985-43aa-80a7-8fe219fc219d;job posting has been done,"25/Aug/26 2:23 PM;712020:3b446a8d-8374-4088-846f-225155343891;Need vendors for ,net informed dheeraj",25/Aug/26 4:03 PM;712020:bf29b759-0312-4089-99ad-f56191f124a0;did posting no CVs received yet.,26/Aug/26 11:07 AM;712020:3b446a8d-8374-4088-846f-225155343891;Shared with a new vendor,26/Aug/26 2:35 PM;712020:bf29b759-0312-4089-99ad-f56191f124a0;No relevant CVs received.,27/Aug/26 2:29 PM;712020:3b446a8d-8374-4088-846f-225155343891;No profile yet,27/Aug/26 2:36 PM;712020:bf29b759-0312-4089-99ad-f56191f124a0;Less CVs received.,27/Aug/26 3:17 PM;63804f3f213a315af3473e76;[~accountid:712020:9388b521-3985-43aa-80a7-8fe219fc219d] any update for this req?,27/Aug/26 3:24 PM;712020:9388b521-3985-43aa-80a7-8fe219fc219d;Job posting has been done. Mostly received orofile for .NET Developer - SQL&API,,,,,,,,
OUT-22302,57247,.NET Developer – SQL & API*,Devlabs,devlabz.simran,4-8 yrs ,Hybrid-1-2days-aweek-HCLlocations,Open,25/Aug/26 9:40 AM,Prashant Singh Hada,Sarthak Solanki,Shivani Sinha,Tanvi Saxena,,,,712020:3b446a8d-8374-4088-846f-225155343891,712020:bf29b759-0312-4089-99ad-f56191f124a0,712020:9388b521-3985-43aa-80a7-8fe219fc219d,712020:180b6eb2-dca6-4aec-b67b-23a22e971f04,,,,Tanvi Saxena,712020:180b6eb2-dca6-4aec-b67b-23a22e971f04,25/Aug/26 10:02 AM;712020:bf29b759-0312-4089-99ad-f56191f124a0;Scheduled interview for 25th AUG.,25/Aug/26 1:34 PM;712020:9388b521-3985-43aa-80a7-8fe219fc219d;job posting has been done,25/Aug/26 2:22 PM;712020:3b446a8d-8374-4088-846f-225155343891;Need vendors,25/Aug/26 4:04 PM;712020:bf29b759-0312-4089-99ad-f56191f124a0;1 interview scheduled for 26th AUG.,26/Aug/26 11:07 AM;712020:3b446a8d-8374-4088-846f-225155343891;Shared with a new vendor,26/Aug/26 2:33 PM;712020:9388b521-3985-43aa-80a7-8fe219fc219d;issue regarding the notice period,26/Aug/26 2:34 PM;712020:bf29b759-0312-4089-99ad-f56191f124a0;scheduled 1 interview for 27 AUG.,26/Aug/26 3:09 PM;712020:9388b521-3985-43aa-80a7-8fe219fc219d;1 interview has been scheduled for tomorrow,27/Aug/26 2:30 PM;712020:3b446a8d-8374-4088-846f-225155343891;No profiles,27/Aug/26 3:25 PM;712020:9388b521-3985-43aa-80a7-8fe219fc219d;1 interview has been scheduled for monday ,,,,,,,
OUT-22301,57246,Azure & Power Platform Administrator ,Protonshub,,6,Remote,Open,25/Aug/26 9:29 AM,Prashant Singh Hada,Tanvi Saxena,,,,,,712020:3b446a8d-8374-4088-846f-225155343891,712020:180b6eb2-dca6-4aec-b67b-23a22e971f04,,,,,,Tanvi Saxena,712020:180b6eb2-dca6-4aec-b67b-23a22e971f04,25/Aug/26 2:50 PM;712020:3b446a8d-8374-4088-846f-225155343891;Need vendors for Power Platform- [~accountid:712020:180b6eb2-dca6-4aec-b67b-23a22e971f04] (krupali),"26/Aug/26 9:30 AM;712020:3b446a8d-8374-4088-846f-225155343891;shared with Arnasodt- no profile on bech
shared with  bluethink
shared with  shieninfo",27/Aug/26 2:24 PM;712020:3b446a8d-8374-4088-846f-225155343891;One profie from blue think,27/Aug/26 3:20 PM;63804f3f213a315af3473e76;[~accountid:712020:3b446a8d-8374-4088-846f-225155343891] Interview Scheduled?,"27/Aug/26 3:22 PM;712020:3b446a8d-8374-4088-846f-225155343891;[~accountid:63804f3f213a315af3473e76] He is on off, once received, availability will  schedule",,,,,,,,,,,,
OUT-22300,57213,Sr ServiceNow Developer – SPM ,Protonshub,,7+,Remote,Open,25/Aug/26 8:07 AM,Prashant Singh Hada,Tanvi Saxena,,,,,,712020:3b446a8d-8374-4088-846f-225155343891,712020:180b6eb2-dca6-4aec-b67b-23a22e971f04,,,,,,Tanvi Saxena,712020:180b6eb2-dca6-4aec-b67b-23a22e971f04,25/Aug/26 9:14 AM;712020:9388b521-3985-43aa-80a7-8fe219fc219d;job posting has been done,25/Aug/26 9:16 AM;712020:bf29b759-0312-4089-99ad-f56191f124a0;Doing screening calls.,"25/Aug/26 9:32 AM;712020:3b446a8d-8374-4088-846f-225155343891;Shared with koli-high budget
shared with moderna-
shared with panorma
shared with vvp
shared with oak tree
shared with saasverse","26/Aug/26 9:31 AM;712020:3b446a8d-8374-4088-846f-225155343891;shared with moderna- NO profile
shared with panorma- no profile
shared with vvp -  checking
shared with oak tree- no profile
shared with saasverse- geeting high budget checking for within budget","27/Aug/26 2:26 PM;712020:3b446a8d-8374-4088-846f-225155343891;No profil from vendors, shared jd with some new leads",,,,,,,,,,,,
OUT-22297,57178,"Senior Adobe Commerce Developer (Adobe Commerce, AEM & MuleSoft",Hub-AI,,8+,Remote,Shared,24/Aug/26 3:09 PM,,,,,,,,,,,,,,,Tanvi Saxena,712020:180b6eb2-dca6-4aec-b67b-23a22e971f04,24/Aug/26 3:22 PM;712020:3b446a8d-8374-4088-846f-225155343891;Checking with Blue Think ,25/Aug/26 7:40 AM;712020:3b446a8d-8374-4088-846f-225155343891;One profile from their end,25/Aug/26 11:41 AM;712020:9388b521-3985-43aa-80a7-8fe219fc219d;job posting has been done,25/Aug/26 2:07 PM;712020:3b446a8d-8374-4088-846f-225155343891;abhijeet,26/Aug/26 11:07 AM;712020:9388b521-3985-43aa-80a7-8fe219fc219d;1 interview has been scheduled for tomorrow,27/Aug/26 2:52 PM;712020:180b6eb2-dca6-4aec-b67b-23a22e971f04;Abhijeet (Vendor Profile ) is shared,,,,,,,,,,,
OUT-22296,57177,"Mobile App QA Engineer – Adobe Analytics, AEP, CJA & Adobe Assurance",Protonshub,,4+,Remote,Shared,24/Aug/26 2:44 PM,Garv Gulati,Prashant Singh Hada,Tanvi Saxena,,,,,712020:ec9d4891-6015-4d98-9edb-e2d531338090,712020:3b446a8d-8374-4088-846f-225155343891,712020:180b6eb2-dca6-4aec-b67b-23a22e971f04,,,,,Tanvi Saxena,712020:180b6eb2-dca6-4aec-b67b-23a22e971f04,"24/Aug/26 3:21 PM;712020:3b446a8d-8374-4088-846f-225155343891;Shared with amwebtech-
shared with cubexo-
Sahredd with angular minds","25/Aug/26 7:47 AM;712020:3b446a8d-8374-4088-846f-225155343891;Am web tech- No profile
cubexo- no profile
angular minds - no profile","25/Aug/26 8:26 AM;712020:3b446a8d-8374-4088-846f-225155343891;Shared with vvpp- one profile
shared with Logiquad- no profile
shared with ibotix-no profile
Shared with panorama- checking with  team
shared with koli- One profile",25/Aug/26 9:49 AM;712020:9388b521-3985-43aa-80a7-8fe219fc219d;job posting has been done ,"26/Aug/26 9:02 AM;712020:3b446a8d-8374-4088-846f-225155343891;One profile from koliinfo
shared  with mekanism",27/Aug/26 2:26 PM;712020:3b446a8d-8374-4088-846f-225155343891;One profile from  pannorma,27/Aug/26 3:17 PM;712020:3b446a8d-8374-4088-846f-225155343891;Shortlisted,,,,,,,,,,
OUT-22292,57109,Dynamics 365 Finance & Operations (D365 F&O) Developer,Protonshub,,5+,Remote,Open,24/Aug/26 11:23 AM,Garv Gulati,Prashant Singh Hada,Tanvi Saxena,,,,,712020:ec9d4891-6015-4d98-9edb-e2d531338090,712020:3b446a8d-8374-4088-846f-225155343891,712020:180b6eb2-dca6-4aec-b67b-23a22e971f04,,,,,Tanvi Saxena,712020:180b6eb2-dca6-4aec-b67b-23a22e971f04,"24/Aug/26 11:44 AM;712020:3b446a8d-8374-4088-846f-225155343891;Shared with Nsqure- Not in this budget
shared with Moderna- no profile
Shared with VVP- no profile
Shared with zacdata-No profils
Shared with  bluethink- Got one  profile",25/Aug/26 9:24 AM;712020:9388b521-3985-43aa-80a7-8fe219fc219d;job posting has been done,25/Aug/26 2:21 PM;712020:3b446a8d-8374-4088-846f-225155343891;One profile from manuerva,"26/Aug/26 8:45 AM;712020:9388b521-3985-43aa-80a7-8fe219fc219d;Notice period issue, asked to take the confirmation from the manager",26/Aug/26 10:05 AM;712020:3b446a8d-8374-4088-846f-225155343891;Rejected,"26/Aug/26 10:07 AM;712020:3b446a8d-8374-4088-846f-225155343891; Manuerva is checking for a backup profile
shared with tibical",27/Aug/26 2:28 PM;712020:3b446a8d-8374-4088-846f-225155343891;One profile from   Manuerva,,,,,,,,,,
OUT-22290,57075,Data Analyst,Devlabs,devlabz.simran,6,Remote_1-2daysmonthonsite,Shared,21/Aug/26 4:36 PM,Chahak Pandya,Diksha Yadav,Garv Gulati,Prashant Singh Hada,Sarthak Solanki,Shivani Sinha,,712020:07b19da2-e557-418b-a72b-435fd3d74c4f,63804f3f213a315af3473e76,712020:ec9d4891-6015-4d98-9edb-e2d531338090,712020:3b446a8d-8374-4088-846f-225155343891,712020:bf29b759-0312-4089-99ad-f56191f124a0,712020:9388b521-3985-43aa-80a7-8fe219fc219d,,Tanvi Saxena,712020:180b6eb2-dca6-4aec-b67b-23a22e971f04,"24/Aug/26 11:28 AM;712020:3b446a8d-8374-4088-846f-225155343891;Shared with cubexo- no profile
Shared with golden eagle- checking
shared with bluethink-",24/Aug/26 3:13 PM;712020:bf29b759-0312-4089-99ad-f56191f124a0;1 interview scheduled for 25th AUG.,25/Aug/26 9:10 AM;712020:9388b521-3985-43aa-80a7-8fe219fc219d;job posting has been done,25/Aug/26 10:08 AM;712020:bf29b759-0312-4089-99ad-f56191f124a0;doing screening calls.,"25/Aug/26 11:49 AM;712020:9388b521-3985-43aa-80a7-8fe219fc219d;As of now,received 1 strong profilr but budget issues, most of the candidated does not have relevant  exp or haven’t even started serving their notice period. ",25/Aug/26 1:19 PM;712020:9388b521-3985-43aa-80a7-8fe219fc219d;issues regarding notice period ,25/Aug/26 1:29 PM;712020:bf29b759-0312-4089-99ad-f56191f124a0;1 profile shortlisted.,"25/Aug/26 3:22 PM;712020:9388b521-3985-43aa-80a7-8fe219fc219d;less exp candidate, budget isues. i’ve asked for referrals",26/Aug/26 9:16 AM;712020:3b446a8d-8374-4088-846f-225155343891;shared with avenior-,26/Aug/26 10:37 AM;712020:9388b521-3985-43aa-80a7-8fe219fc219d;interview has been scheduled for tomorrow,26/Aug/26 2:36 PM;712020:bf29b759-0312-4089-99ad-f56191f124a0;No strong profiles received today.,27/Aug/26 8:36 AM;712020:9388b521-3985-43aa-80a7-8fe219fc219d;job posting has been done,"27/Aug/26 9:51 AM;712020:9388b521-3985-43aa-80a7-8fe219fc219d;1 profile - Shortlisted today 

{noformat}{noformat}",27/Aug/26 2:55 PM;712020:180b6eb2-dca6-4aec-b67b-23a22e971f04;Shanmukesh (Vendor Profile is shared ),,,
OUT-22280,56937,Python + AI/ML Engineer ,bench,delphic,6+,"Indore,",Open,20/Aug/26 11:23 AM,Sarthak Solanki,Shivani Sinha,,,,,,712020:bf29b759-0312-4089-99ad-f56191f124a0,712020:9388b521-3985-43aa-80a7-8fe219fc219d,,,,,,Diksha Yadav,63804f3f213a315af3473e76,"20/Aug/26 3:02 PM;712020:bf29b759-0312-4089-99ad-f56191f124a0;did posting, no strong candidate received yet.",21/Aug/26 2:09 PM;712020:9388b521-3985-43aa-80a7-8fe219fc219d;The candidates screened so far have less experience and aren’t comfortable in relocating  Indore. I’m still screening and working to find suitable candidates.,21/Aug/26 3:40 PM;712020:bf29b759-0312-4089-99ad-f56191f124a0;Not receiving relevant CVs.,26/Aug/26 2:34 PM;712020:9388b521-3985-43aa-80a7-8fe219fc219d;less experienced candidate,26/Aug/26 2:44 PM;712020:bf29b759-0312-4089-99ad-f56191f124a0;No relevant candidates.,27/Aug/26 3:19 PM;63804f3f213a315af3473e76;[~accountid:712020:bf29b759-0312-4089-99ad-f56191f124a0]  [~accountid:712020:9388b521-3985-43aa-80a7-8fe219fc219d]  any update for this req?,27/Aug/26 3:20 PM;712020:bf29b759-0312-4089-99ad-f56191f124a0;[~accountid:63804f3f213a315af3473e76] NO relevant CVs received on this position. ,27/Aug/26 3:25 PM;712020:9388b521-3985-43aa-80a7-8fe219fc219d;Less experienced candidates for this profile,,,,,,,,,
OUT-22277,56870,ServiceNow Developer,GirnarSoft,GirnarSoft_Garv,5 - 15 ,Remote,Shared,20/Aug/26 8:52 AM,Chahak Pandya,Garv Gulati,Prashant Singh Hada,Sarthak Solanki,Tanvi Saxena,,,712020:07b19da2-e557-418b-a72b-435fd3d74c4f,712020:ec9d4891-6015-4d98-9edb-e2d531338090,712020:3b446a8d-8374-4088-846f-225155343891,712020:bf29b759-0312-4089-99ad-f56191f124a0,712020:180b6eb2-dca6-4aec-b67b-23a22e971f04,,,Chahak Pandya,712020:07b19da2-e557-418b-a72b-435fd3d74c4f,"20/Aug/26 2:03 PM;712020:3b446a8d-8374-4088-846f-225155343891;Shared with Bluethink- checking- no profile 
Shared with OakTree - no response from  Poc","20/Aug/26 3:22 PM;712020:bf29b759-0312-4089-99ad-f56191f124a0;CV received, no strong candidate has found as of now.",21/Aug/26 1:53 PM;712020:3b446a8d-8374-4088-846f-225155343891;Prashant and dheeraj will look for vendors,21/Aug/26 1:59 PM;712020:bf29b759-0312-4089-99ad-f56191f124a0;2 interviews scheduled.,,,,,,,,,,,,,
OUT-22273,56865,Senior Data Engineering cum Architecture. ,tridhya-tech,,7+,Remote,Shared,20/Aug/26 7:40 AM,Chahak Pandya,Garv Gulati,Prashant Singh Hada,Sarthak Solanki,Shivani Sinha,Tanvi Saxena,,712020:07b19da2-e557-418b-a72b-435fd3d74c4f,712020:ec9d4891-6015-4d98-9edb-e2d531338090,712020:3b446a8d-8374-4088-846f-225155343891,712020:bf29b759-0312-4089-99ad-f56191f124a0,712020:9388b521-3985-43aa-80a7-8fe219fc219d,712020:180b6eb2-dca6-4aec-b67b-23a22e971f04,,Tanvi Saxena,712020:180b6eb2-dca6-4aec-b67b-23a22e971f04,"20/Aug/26 10:24 AM;712020:3b446a8d-8374-4088-846f-225155343891;Shared with shieninfo- one profile
Shared with engineer masters- got one profile
shared with  bluethinnk- 1 profile
Shared with zacdata- 1 profile
Shared with Nsqure- They will check with partners
shared with moderna0 1 profile
shared with mekanism- 1 profile",20/Aug/26 1:25 PM;712020:9388b521-3985-43aa-80a7-8fe219fc219d;interview has been scheduled for tomorrow,"20/Aug/26 3:22 PM;712020:bf29b759-0312-4089-99ad-f56191f124a0;less CV received, no relevant candidate found.",21/Aug/26 8:36 AM;712020:3b446a8d-8374-4088-846f-225155343891;Mekanism- mangesh selected ,"21/Aug/26 1:30 PM;712020:3b446a8d-8374-4088-846f-225155343891;Got one profile from VVPSoft Tech
One profile from ARNA Tech
",27/Aug/26 2:56 PM;712020:180b6eb2-dca6-4aec-b67b-23a22e971f04;Vijay (Vendor Profile ) has shared,,,,,,,,,,,
OUT-22270,56797,Analytics Engineer,Protonshub,,4+,Remote,Shared,19/Aug/26 12:02 PM,,,,,,,,,,,,,,,Chahak Pandya,712020:07b19da2-e557-418b-a72b-435fd3d74c4f,19/Aug/26 1:29 PM;712020:180b6eb2-dca6-4aec-b67b-23a22e971f04;Shared Mamoon Profile,,,,,,,,,,,,,,,,
OUT-22265,56790, .NET Architect,Devlabs,,10+,Hybrid-1-2days-aweek-HCLlocations,Open,19/Aug/26 11:10 AM,Chahak Pandya,Garv Gulati,Prashant Singh Hada,Sarthak Solanki,Shivani Sinha,Tanvi Saxena,,712020:07b19da2-e557-418b-a72b-435fd3d74c4f,712020:ec9d4891-6015-4d98-9edb-e2d531338090,712020:3b446a8d-8374-4088-846f-225155343891,712020:bf29b759-0312-4089-99ad-f56191f124a0,712020:9388b521-3985-43aa-80a7-8fe219fc219d,712020:180b6eb2-dca6-4aec-b67b-23a22e971f04,,Chahak Pandya,712020:07b19da2-e557-418b-a72b-435fd3d74c4f,"19/Aug/26 2:36 PM;712020:bf29b759-0312-4089-99ad-f56191f124a0;started working on this position, no strong profile received yet.",19/Aug/26 2:48 PM;712020:3b446a8d-8374-4088-846f-225155343891;Informed dheeraj to look for onsite vendors,19/Aug/26 3:02 PM;712020:9388b521-3985-43aa-80a7-8fe219fc219d;job posting has been done today,20/Aug/26 10:22 AM;712020:9388b521-3985-43aa-80a7-8fe219fc219d;1 interview has been scheduled for tomorrow,20/Aug/26 3:04 PM;712020:bf29b759-0312-4089-99ad-f56191f124a0;1 interview scheduled for 21AUG,"21/Aug/26 2:01 PM;712020:9388b521-3985-43aa-80a7-8fe219fc219d;Interview was scheduled today , the candidate has been rejected.",24/Aug/26 2:51 PM;712020:3b446a8d-8374-4088-846f-225155343891;One vendor in pipeline form dheeraj,26/Aug/26 11:29 AM;712020:3b446a8d-8374-4088-846f-225155343891;Informed dheeraj to look for onsite vendors- still no vendor,26/Aug/26 2:38 PM;712020:bf29b759-0312-4089-99ad-f56191f124a0;working on it. mostly schedule 1 interview for 27AUG,27/Aug/26 2:31 PM;712020:3b446a8d-8374-4088-846f-225155343891;No vendors,27/Aug/26 2:37 PM;712020:bf29b759-0312-4089-99ad-f56191f124a0;1 interview scheduled for today. ,"27/Aug/26 3:21 PM;63804f3f213a315af3473e76;[~accountid:712020:bf29b759-0312-4089-99ad-f56191f124a0] Do we have anything for share ? Profile shortlist or Rejected ? 
Any Fresh profile?",27/Aug/26 3:23 PM;712020:bf29b759-0312-4089-99ad-f56191f124a0;[~accountid:63804f3f213a315af3473e76] interview is going on ,,,,
OUT-22262,56755,Python / AI Developer,Sinontech,,9+,Remote,Shared,19/Aug/26 10:05 AM,,,,,,,,,,,,,,,Chahak Pandya,712020:07b19da2-e557-418b-a72b-435fd3d74c4f,27/Aug/26 2:56 PM;712020:180b6eb2-dca6-4aec-b67b-23a22e971f04;Shared Harshit cv,,,,,,,,,,,,,,,,
OUT-22252,56615,DevOps Engineer – Healthcare Automation,Devlabs,devlabz.simran,6,Remote_1-2daysmonthonsite,Shared,17/Aug/26 3:34 PM,Garv Gulati,Prashant Singh Hada,Sarthak Solanki,Shivani Sinha,Tanvi Saxena,,,712020:ec9d4891-6015-4d98-9edb-e2d531338090,712020:3b446a8d-8374-4088-846f-225155343891,712020:bf29b759-0312-4089-99ad-f56191f124a0,712020:9388b521-3985-43aa-80a7-8fe219fc219d,712020:180b6eb2-dca6-4aec-b67b-23a22e971f04,,,Tanvi Saxena,712020:180b6eb2-dca6-4aec-b67b-23a22e971f04,18/Aug/26 9:42 AM;712020:bf29b759-0312-4089-99ad-f56191f124a0;[~accountid:712020:9388b521-3985-43aa-80a7-8fe219fc219d] is working on it. shared the profiles to shivani.,"18/Aug/26 10:05 AM;712020:9388b521-3985-43aa-80a7-8fe219fc219d;Screened 12–13 DevOps profiles and shortlisted 3–4 strong candidates. However, they lack healthcare automation experience. I found one strong profile (Dhananjay Kumar) with relevant healthcare automation experience, but the candidate is not comfortable with the budget.",18/Aug/26 11:34 AM;712020:3b446a8d-8374-4088-846f-225155343891;One profile from blutris,18/Aug/26 3:49 PM;63804f3f213a315af3473e76;Blutris will share more profile [~accountid:712020:3b446a8d-8374-4088-846f-225155343891] . No interview scheduled from recruitment side but profiles they have for screening. ,19/Aug/26 3:27 PM;712020:3b446a8d-8374-4088-846f-225155343891;Bluetris will share  more profile,20/Aug/26 12:57 PM;712020:9388b521-3985-43aa-80a7-8fe219fc219d;Budget issue / No experience in healthcare automation,21/Aug/26 2:03 PM;712020:3b446a8d-8374-4088-846f-225155343891;No new profile from thier side,21/Aug/26 3:33 PM;712020:9388b521-3985-43aa-80a7-8fe219fc219d;Received 1 relevant profile - No. was invalid,24/Aug/26 3:24 PM;712020:3b446a8d-8374-4088-846f-225155343891;Ask to share more profile- they are cheking on bench,25/Aug/26 3:07 PM;712020:3b446a8d-8374-4088-846f-225155343891;One profile from  bluetri- siddharth,27/Aug/26 2:59 PM;712020:180b6eb2-dca6-4aec-b67b-23a22e971f04;Siddharth and Brijesh (Vendor Profile ) Shared,,,,,,
OUT-22250,56613,Senior AI Backend Engineer (Ruby on Rails + Agentic AI),tridhya-tech,,5+,Remote,Shared,17/Aug/26 3:17 PM,Chahak Pandya,Garv Gulati,Prashant Singh Hada,Tanvi Saxena,,,,712020:07b19da2-e557-418b-a72b-435fd3d74c4f,712020:ec9d4891-6015-4d98-9edb-e2d531338090,712020:3b446a8d-8374-4088-846f-225155343891,712020:180b6eb2-dca6-4aec-b67b-23a22e971f04,,,,Chahak Pandya,712020:07b19da2-e557-418b-a72b-435fd3d74c4f,"18/Aug/26 11:46 AM;712020:3b446a8d-8374-4088-846f-225155343891;Got on profile from VVP - rejected in internal interview
Shared with Gems Essence -  they don’t  have any profile
Shared with Golden Eagle- Got one profile, *shortlisted from nikhil*   side, sharing with client",18/Aug/26 3:51 PM;63804f3f213a315af3473e76;[~accountid:712020:180b6eb2-dca6-4aec-b67b-23a22e971f04] (Krupali) checking for vendor. Meeting scheduled by Dheeraj ,19/Aug/26 3:31 PM;712020:180b6eb2-dca6-4aec-b67b-23a22e971f04;schedule the meeting for tomorrow at 1:00 PM.,27/Aug/26 2:59 PM;712020:180b6eb2-dca6-4aec-b67b-23a22e971f04;Shared Deepak (Vendor Profile),,,,,,,,,,,,,
OUT-22240,56411,workday integration consultant,ApaarInfosystem,,0-4 years,Remote,Shared & Need to Share More,14/Aug/26 9:33 AM,Chahak Pandya,Garv Gulati,Prashant Singh Hada,Sarthak Solanki,Shivani Sinha,Tanvi Saxena,,712020:07b19da2-e557-418b-a72b-435fd3d74c4f,712020:ec9d4891-6015-4d98-9edb-e2d531338090,712020:3b446a8d-8374-4088-846f-225155343891,712020:bf29b759-0312-4089-99ad-f56191f124a0,712020:9388b521-3985-43aa-80a7-8fe219fc219d,712020:180b6eb2-dca6-4aec-b67b-23a22e971f04,,Tanvi Saxena,712020:180b6eb2-dca6-4aec-b67b-23a22e971f04,"18/Aug/26 2:59 PM;712020:bf29b759-0312-4089-99ad-f56191f124a0;already have so many profiles on this position, scheduled 1 interview tomorrow and have follow ups also.",18/Aug/26 5:21 PM;712020:3b446a8d-8374-4088-846f-225155343891;2 int for 19 aug,19/Aug/26 8:16 AM;712020:9388b521-3985-43aa-80a7-8fe219fc219d;1 interview has been scheduled for today and  2 interviews for tomorrow,19/Aug/26 9:57 AM;712020:bf29b759-0312-4089-99ad-f56191f124a0;2 internal interviews have been scheduled for 20 AUG,20/Aug/26 9:11 AM;712020:9388b521-3985-43aa-80a7-8fe219fc219d;Ticket created,24/Aug/26 3:00 PM;712020:3b446a8d-8374-4088-846f-225155343891;Shared with some new vendors-waiting for the profils,24/Aug/26 3:17 PM;712020:bf29b759-0312-4089-99ad-f56191f124a0;1 interview scheduled for 25th AUG.,25/Aug/26 4:01 PM;712020:bf29b759-0312-4089-99ad-f56191f124a0;1 interview for 26th AUG.,26/Aug/26 7:53 AM;712020:3b446a8d-8374-4088-846f-225155343891;Not  getting profile with certifications ,26/Aug/26 2:38 PM;712020:bf29b759-0312-4089-99ad-f56191f124a0;2 profiles have been shortlisted today.,27/Aug/26 2:33 PM;712020:3b446a8d-8374-4088-846f-225155343891;No new profiles yet,27/Aug/26 2:37 PM;712020:bf29b759-0312-4089-99ad-f56191f124a0;1 interview scheduled for monday.,27/Aug/26 3:22 PM;63804f3f213a315af3473e76;[~accountid:712020:9388b521-3985-43aa-80a7-8fe219fc219d]  update for this req ?,27/Aug/26 3:27 PM;712020:9388b521-3985-43aa-80a7-8fe219fc219d;Screened a few profile . don’t have certification,,,
OUT-22239,56378,Senior ServiceNow Developer – Agentic AI,Protonshub,,6+,Remote,Open,13/Aug/26 3:45 PM,Chahak Pandya,Garv Gulati,Prashant Singh Hada,Tanvi Saxena,,,,712020:07b19da2-e557-418b-a72b-435fd3d74c4f,712020:ec9d4891-6015-4d98-9edb-e2d531338090,712020:3b446a8d-8374-4088-846f-225155343891,712020:180b6eb2-dca6-4aec-b67b-23a22e971f04,,,,Chahak Pandya,712020:07b19da2-e557-418b-a72b-435fd3d74c4f,18/Aug/26 8:35 AM;712020:3b446a8d-8374-4088-846f-225155343891;Vendor Moderna- Dinesh,18/Aug/26 3:59 PM;63804f3f213a315af3473e76;[~accountid:712020:3b446a8d-8374-4088-846f-225155343891] check fort vendor ,20/Aug/26 3:48 PM;63804f3f213a315af3473e76;No vendor for this req from [~accountid:712020:3b446a8d-8374-4088-846f-225155343891] ,21/Aug/26 2:06 PM;712020:3b446a8d-8374-4088-846f-225155343891;[~accountid:712020:3b446a8d-8374-4088-846f-225155343891]  profile in L2,24/Aug/26 3:00 PM;712020:3b446a8d-8374-4088-846f-225155343891;L2 schedule for tuesday,26/Aug/26 1:59 PM;712020:3b446a8d-8374-4088-846f-225155343891;One profile from saasverse ,27/Aug/26 2:29 PM;712020:3b446a8d-8374-4088-846f-225155343891;No new profile,27/Aug/26 3:22 PM;63804f3f213a315af3473e76;[~accountid:712020:3b446a8d-8374-4088-846f-225155343891] update for this profile ?,27/Aug/26 3:25 PM;712020:3b446a8d-8374-4088-846f-225155343891;[~accountid:63804f3f213a315af3473e76]  shred with some  leads but no profile yet,"27/Aug/26 3:26 PM;712020:3b446a8d-8374-4088-846f-225155343891;[~accountid:63804f3f213a315af3473e76] LinkedIn is not working and  travelling, so not available for the interview",,,,,,,
OUT-22233,56244,Data Engineer,Devlabs,devlabz.simran,7+,Hybrid-Pan-India,Shared & Need to Share More,12/Aug/26 3:35 PM,Chahak Pandya,Garv Gulati,Prashant Singh Hada,Sarthak Solanki,Shivani Sinha,Tanvi Saxena,,712020:07b19da2-e557-418b-a72b-435fd3d74c4f,712020:ec9d4891-6015-4d98-9edb-e2d531338090,712020:3b446a8d-8374-4088-846f-225155343891,712020:bf29b759-0312-4089-99ad-f56191f124a0,712020:9388b521-3985-43aa-80a7-8fe219fc219d,712020:180b6eb2-dca6-4aec-b67b-23a22e971f04,,Chahak Pandya,712020:07b19da2-e557-418b-a72b-435fd3d74c4f,18/Aug/26 2:41 PM;712020:3b446a8d-8374-4088-846f-225155343891;Checking for onsite vendor ,19/Aug/26 3:30 PM;63804f3f213a315af3473e76;[~accountid:712020:ec9d4891-6015-4d98-9edb-e2d531338090]  check vendor,20/Aug/26 3:44 PM;63804f3f213a315af3473e76;Still no vendor frm Garv side ,21/Aug/26 2:10 PM;63804f3f213a315af3473e76;[~accountid:712020:ec9d4891-6015-4d98-9edb-e2d531338090]  Any update for vendor ?,21/Aug/26 2:15 PM;712020:ec9d4891-6015-4d98-9edb-e2d531338090;[~accountid:63804f3f213a315af3473e76] No not yet,24/Aug/26 3:01 PM;712020:3b446a8d-8374-4088-846f-225155343891;[~accountid:712020:ec9d4891-6015-4d98-9edb-e2d531338090] any new vendor,26/Aug/26 11:34 AM;712020:3b446a8d-8374-4088-846f-225155343891;No new vendor,26/Aug/26 11:41 AM;712020:9388b521-3985-43aa-80a7-8fe219fc219d;JAYAPRAKASHNARAYANAN V - He is available and ready for the client meeting tomorrow by 12 PM.,26/Aug/26 2:39 PM;712020:bf29b759-0312-4089-99ad-f56191f124a0;Not received exp candidates profile.,27/Aug/26 2:41 PM;712020:bf29b759-0312-4089-99ad-f56191f124a0;did screening but no strong candidate found yet.,,,,,,,
OUT-22225,56172,Senior Business Systems Analyst,Protonshub,,8+,Remote,Shared,12/Aug/26 10:52 AM,Prashant Singh Hada,,,,,,,712020:3b446a8d-8374-4088-846f-225155343891,,,,,,,Tanvi Saxena,712020:180b6eb2-dca6-4aec-b67b-23a22e971f04,,,,,,,,,,,,,,,,,
OUT-22222,56169,Lead Data Scientist,Devlabs,,6+,Remote_1-2daysmonthonsite,Shared,12/Aug/26 9:51 AM,Shivani Sinha,Tanvi Saxena,,,,,,712020:9388b521-3985-43aa-80a7-8fe219fc219d,712020:180b6eb2-dca6-4aec-b67b-23a22e971f04,,,,,,Chahak Pandya,712020:07b19da2-e557-418b-a72b-435fd3d74c4f,27/Aug/26 3:27 PM;712020:180b6eb2-dca6-4aec-b67b-23a22e971f04;Harshit profile has shared,,,,,,,,,,,,,,,,
OUT-22217,56132,AEM Assets Developer,Protonshub,,3,Remote,Shared,11/Aug/26 3:41 PM,Prashant Singh Hada,,,,,,,712020:3b446a8d-8374-4088-846f-225155343891,,,,,,,Tanvi Saxena,712020:180b6eb2-dca6-4aec-b67b-23a22e971f04,27/Aug/26 3:27 PM;712020:180b6eb2-dca6-4aec-b67b-23a22e971f04;Aashutosh (Vendor Profile) has shared,,,,,,,,,,,,,,,,
OUT-22213,56064,Senior Data Platform Engineer / AI Platform Engineer,DinaApps,,3+,Remote,Shared,11/Aug/26 12:39 PM,,,,,,,,,,,,,,,Chahak Pandya,712020:07b19da2-e557-418b-a72b-435fd3d74c4f,11/Aug/26 12:41 PM;712020:07b19da2-e557-418b-a72b-435fd3d74c4f;Also shared Sujal Parmar,,,,,,,,,,,,,,,,
OUT-22192,55915,QA Engineer ,tridhya-tech,,6+,Remote,Shared,10/Aug/26 10:07 AM,Chahak Pandya,Garv Gulati,Prashant Singh Hada,Sarthak Solanki,Shivani Sinha,Tanvi Saxena,,712020:07b19da2-e557-418b-a72b-435fd3d74c4f,712020:ec9d4891-6015-4d98-9edb-e2d531338090,712020:3b446a8d-8374-4088-846f-225155343891,712020:bf29b759-0312-4089-99ad-f56191f124a0,712020:9388b521-3985-43aa-80a7-8fe219fc219d,712020:180b6eb2-dca6-4aec-b67b-23a22e971f04,,Chahak Pandya,712020:07b19da2-e557-418b-a72b-435fd3d74c4f,10/Aug/26 2:59 PM;712020:3b446a8d-8374-4088-846f-225155343891;Brandsmasher- Yash,17/Aug/26 4:28 PM;712020:3b446a8d-8374-4088-846f-225155343891;VVP- Manish,18/Aug/26 10:08 AM;712020:9388b521-3985-43aa-80a7-8fe219fc219d;Screening QA profiles,"18/Aug/26 10:28 AM;712020:bf29b759-0312-4089-99ad-f56191f124a0;interview was scheduled but not a strong profile, so screening more strong profiles.","18/Aug/26 4:25 PM;712020:9388b521-3985-43aa-80a7-8fe219fc219d;Screened 10+ profiles today. Most candidates either lacked relevant experience or pharma experience. A few had pharma experience but expected 30+ LPA, which was beyond the budget.",20/Aug/26 3:27 PM;712020:3b446a8d-8374-4088-846f-225155343891;Got one more profile from vvp,21/Aug/26 2:52 PM;712020:3b446a8d-8374-4088-846f-225155343891;scheduled int for monday,21/Aug/26 3:24 PM;712020:bf29b759-0312-4089-99ad-f56191f124a0;not received profile relevant to pharma experience ,21/Aug/26 3:34 PM;712020:9388b521-3985-43aa-80a7-8fe219fc219d;No profiles received today,27/Aug/26 3:22 PM;712020:180b6eb2-dca6-4aec-b67b-23a22e971f04;Manish (Vendor Profile ) Has shared,,,,,,,
OUT-22180,55775,Python,tridhya-tech,,5 yrs ,Remote,Shared,07/Aug/26 10:32 AM,,,,,,,,,,,,,,,Tanvi Saxena,712020:180b6eb2-dca6-4aec-b67b-23a22e971f04,27/Aug/26 3:28 PM;712020:180b6eb2-dca6-4aec-b67b-23a22e971f04;Harshit profile has shared,,,,,,,,,,,,,,,,
OUT-22160,55467,Lead Engineer,Orangebits,,8+,Remote,Shared,04/Aug/26 11:13 AM,,,,,,,,,,,,,,,Tanvi Saxena,712020:180b6eb2-dca6-4aec-b67b-23a22e971f04,27/Aug/26 3:28 PM;712020:180b6eb2-dca6-4aec-b67b-23a22e971f04;Vipul profile has shared,,,,,,,,,,,,,,,,
OUT-22158,55433,Senior Integration Engineer (FHIR/HL7/APIs),Devlabs,devlabz.simran,8+,Hyderabad,Open,04/Aug/26 8:12 AM,Prashant Singh Hada,Sarthak Solanki,Shivani Sinha,,,,,712020:3b446a8d-8374-4088-846f-225155343891,712020:bf29b759-0312-4089-99ad-f56191f124a0,712020:9388b521-3985-43aa-80a7-8fe219fc219d,,,,,Tanvi Saxena,712020:180b6eb2-dca6-4aec-b67b-23a22e971f04,18/Aug/26 2:42 PM;712020:3b446a8d-8374-4088-846f-225155343891;Need vendor for this  req- told dheeraj,20/Aug/26 3:40 PM;63804f3f213a315af3473e76;one vendor call we can schedule for Monday ,21/Aug/26 2:53 PM;712020:3b446a8d-8374-4088-846f-225155343891;No vendor from  dheeraj's side,24/Aug/26 3:02 PM;712020:3b446a8d-8374-4088-846f-225155343891;Still no vendor from dheeraj,26/Aug/26 11:35 AM;712020:3b446a8d-8374-4088-846f-225155343891;No new vendor,26/Aug/26 2:40 PM;712020:bf29b759-0312-4089-99ad-f56191f124a0;No CVs received.,27/Aug/26 2:31 PM;712020:3b446a8d-8374-4088-846f-225155343891;Still no vendors,27/Aug/26 2:42 PM;712020:bf29b759-0312-4089-99ad-f56191f124a0;NO relevant candidated.,,,,,,,,,
OUT-22110,54840,".NET Core, Angular & Azure",Devlabs,devlabz.simran,5 yrs ,Hybrid-Pan-India,Open,28/Jul/26 2:13 PM,Chahak Pandya,Garv Gulati,Prashant Singh Hada,Tanvi Saxena,,,,712020:07b19da2-e557-418b-a72b-435fd3d74c4f,712020:ec9d4891-6015-4d98-9edb-e2d531338090,712020:3b446a8d-8374-4088-846f-225155343891,712020:180b6eb2-dca6-4aec-b67b-23a22e971f04,,,,Tanvi Saxena,712020:180b6eb2-dca6-4aec-b67b-23a22e971f04,"30/Jul/26 9:41 AM;712020:3b446a8d-8374-4088-846f-225155343891;Vendor adroit- Ashish, Himanshu",18/Aug/26 9:45 AM;712020:bf29b759-0312-4089-99ad-f56191f124a0;bench or vendor profile required.,18/Aug/26 2:44 PM;712020:3b446a8d-8374-4088-846f-225155343891;No vendor is ready to share details before onbaording ,"21/Aug/26 2:56 PM;712020:3b446a8d-8374-4088-846f-225155343891;Already told dheeraj  to look for vendors, Searching for vendors who can  provide details before interview",24/Aug/26 3:03 PM;712020:3b446a8d-8374-4088-846f-225155343891;No  new vendor,26/Aug/26 11:36 AM;712020:3b446a8d-8374-4088-846f-225155343891;shared with a new vendor..,27/Aug/26 2:32 PM;712020:3b446a8d-8374-4088-846f-225155343891;No profiles yet,27/Aug/26 3:24 PM;63804f3f213a315af3473e76;[~accountid:712020:3b446a8d-8374-4088-846f-225155343891]  Please ask Dheeraj to Focus on this req Vendor for next week .,,,,,,,,,
OUT-22035,54121,Sr.Data Engineers,tridhya-tech,,4+,Remote,Shared,17/Jul/26 8:58 AM,Chahak Pandya,Garv Gulati,Prashant Singh Hada,Sarthak Solanki,Shivani Sinha,Tanvi Saxena,,712020:07b19da2-e557-418b-a72b-435fd3d74c4f,712020:ec9d4891-6015-4d98-9edb-e2d531338090,712020:3b446a8d-8374-4088-846f-225155343891,712020:bf29b759-0312-4089-99ad-f56191f124a0,712020:9388b521-3985-43aa-80a7-8fe219fc219d,712020:180b6eb2-dca6-4aec-b67b-23a22e971f04,,Tanvi Saxena,712020:180b6eb2-dca6-4aec-b67b-23a22e971f04,20/Jul/26 2:41 PM;712020:3b446a8d-8374-4088-846f-225155343891;Vendor bluethink- ankit,"20/Aug/26 10:17 AM;712020:3b446a8d-8374-4088-846f-225155343891;One profile of vvp is running  - Praveen + share  1 more profile
Shared with Golden Eagle they will share 2 profiles 
Shared with zacdata- 2 profiles
Shared with shieninof-  no profiles
Shared with Nsqure- they will check with partner
Shared with bluethink- 2 profiles
Shared with Moderna- 1 profile
Shared with bluethink- 3 profiles from their end",20/Aug/26 2:59 PM;712020:bf29b759-0312-4089-99ad-f56191f124a0;scheduled 5 interviews for 21st AUG.,21/Aug/26 8:30 AM;712020:9388b521-3985-43aa-80a7-8fe219fc219d;budget issue,"21/Aug/26 1:37 PM;712020:3b446a8d-8374-4088-846f-225155343891;one profile from Arna Softech
two profile  from golden eagle",21/Aug/26 2:05 PM;712020:bf29b759-0312-4089-99ad-f56191f124a0;1 candidate shortlisted.,21/Aug/26 2:11 PM;712020:9388b521-3985-43aa-80a7-8fe219fc219d;1 interview has been scheduled for monday,24/Aug/26 2:03 PM;712020:9388b521-3985-43aa-80a7-8fe219fc219d;Ticket has been created for today’s shortlisted profile,24/Aug/26 3:04 PM;712020:3b446a8d-8374-4088-846f-225155343891;Golden eagle’s profile in final round,"24/Aug/26 3:23 PM;712020:180b6eb2-dca6-4aec-b67b-23a22e971f04;[https://delphictech.atlassian.net/browse/OUT-22285|https://delphictech.atlassian.net/browse/OUT-22285|smart-link] 

[https://delphictech.atlassian.net/browse/OUT-22294|https://delphictech.atlassian.net/browse/OUT-22294|smart-link] 

[https://delphictech.atlassian.net/browse/OUT-22295|https://delphictech.atlassian.net/browse/OUT-22295|smart-link] 

Keeping these profiles as backup","27/Aug/26 3:30 PM;712020:180b6eb2-dca6-4aec-b67b-23a22e971f04;Dhanush, Mangesh, Praveen , Nayan (Vendor Profile) has shared,
Harshit and shashank profile also shared",,,,,,
OUT-21999,53957,Workday finance Certified,ApaarInfosystem,,0-4 years,Remote,Open,13/Jul/26 2:24 PM,Chahak Pandya,Garv Gulati,Prashant Singh Hada,Sarthak Solanki,Shivani Sinha,Tanvi Saxena,,712020:07b19da2-e557-418b-a72b-435fd3d74c4f,712020:ec9d4891-6015-4d98-9edb-e2d531338090,712020:3b446a8d-8374-4088-846f-225155343891,712020:bf29b759-0312-4089-99ad-f56191f124a0,712020:9388b521-3985-43aa-80a7-8fe219fc219d,712020:180b6eb2-dca6-4aec-b67b-23a22e971f04,,Tanvi Saxena,712020:180b6eb2-dca6-4aec-b67b-23a22e971f04,07/Aug/26 3:01 PM;712020:3b446a8d-8374-4088-846f-225155343891;satvik,18/Aug/26 5:21 PM;712020:3b446a8d-8374-4088-846f-225155343891;One int for 19 aug,"19/Aug/26 10:02 AM;712020:bf29b759-0312-4089-99ad-f56191f124a0;started working on it, no strong profile has been found as of now.","19/Aug/26 3:05 PM;712020:bf29b759-0312-4089-99ad-f56191f124a0;screening calls have been made, but eligible candidate not found yet.",20/Aug/26 1:43 PM;712020:9388b521-3985-43aa-80a7-8fe219fc219d;Received 10-12 applications. Candidates are not Eligible,"24/Aug/26 3:05 PM;712020:3b446a8d-8374-4088-846f-225155343891;Shared with new vendor waiting for the profile, then discuss for meeting ",24/Aug/26 3:10 PM;712020:9388b521-3985-43aa-80a7-8fe219fc219d;job posting has been done,25/Aug/26 11:23 AM;712020:bf29b759-0312-4089-99ad-f56191f124a0;CVs received but not relevant because of certification.,26/Aug/26 7:53 AM;712020:3b446a8d-8374-4088-846f-225155343891;Not  getting profile with certifications ,26/Aug/26 8:59 AM;712020:9388b521-3985-43aa-80a7-8fe219fc219d;job posting has been done,"26/Aug/26 2:41 PM;712020:bf29b759-0312-4089-99ad-f56191f124a0;working on it, until now no certification candidate found.",27/Aug/26 2:33 PM;712020:3b446a8d-8374-4088-846f-225155343891;No profiles  from vendors ,27/Aug/26 2:46 PM;712020:bf29b759-0312-4089-99ad-f56191f124a0;no certified candidates found yet.,27/Aug/26 3:27 PM;712020:9388b521-3985-43aa-80a7-8fe219fc219d;didn’t receive CVs,,,
OUT-21959,53821,AI/ML Engineer  (Agentic AI Focus),Devlabs,,6,hyderabad(hybrid),Open,08/Jul/26 9:53 AM,Chahak Pandya,Garv Gulati,Prashant Singh Hada,Sarthak Solanki,Shivani Sinha,Tanvi Saxena,,712020:07b19da2-e557-418b-a72b-435fd3d74c4f,712020:ec9d4891-6015-4d98-9edb-e2d531338090,712020:3b446a8d-8374-4088-846f-225155343891,712020:bf29b759-0312-4089-99ad-f56191f124a0,712020:9388b521-3985-43aa-80a7-8fe219fc219d,712020:180b6eb2-dca6-4aec-b67b-23a22e971f04,,Tanvi Saxena,712020:180b6eb2-dca6-4aec-b67b-23a22e971f04,21/Jul/26 11:13 AM;712020:180b6eb2-dca6-4aec-b67b-23a22e971f04;[https://delphictech.atlassian.net/browse/OUT-22005|https://delphictech.atlassian.net/browse/OUT-22005|smart-link]  Backout,31/Jul/26 9:47 PM;712020:180b6eb2-dca6-4aec-b67b-23a22e971f04;[https://delphictech.atlassian.net/browse/OUT-22024|https://delphictech.atlassian.net/browse/OUT-22024|smart-link] Rejected,"18/Aug/26 2:44 PM;712020:3b446a8d-8374-4088-846f-225155343891;

shared with  [+sanathanaars+|mailto:anusha@sanathanaars.co], they will share profile tomorrow
(they getting issue with their  database not able to get the profile )","19/Aug/26 3:14 PM;712020:3b446a8d-8374-4088-846f-225155343891;Received one profile from new vendor, meeting schedule for tomorrow ","20/Aug/26 3:34 PM;712020:3b446a8d-8374-4088-846f-225155343891;he got link from HCL, they will hare new profiles","21/Aug/26 10:34 AM;712020:9388b521-3985-43aa-80a7-8fe219fc219d;One candidate (Aravind) is confused b/w Remote or hybrir, need time to think",21/Aug/26 1:25 PM;712020:3b446a8d-8374-4088-846f-225155343891;[Aventra.ai|http://Aventra.ai] checking for profiles,21/Aug/26 2:05 PM;712020:9388b521-3985-43aa-80a7-8fe219fc219d;got one Strong profile today but he not okay with hybrid ,24/Aug/26 12:56 PM;712020:3b446a8d-8374-4088-846f-225155343891;They shared one profile int scheduled,24/Aug/26 3:23 PM;712020:9388b521-3985-43aa-80a7-8fe219fc219d;Did nor receive any CV today,24/Aug/26 3:25 PM;712020:bf29b759-0312-4089-99ad-f56191f124a0;less experienced CVs received.,26/Aug/26 11:37 AM;712020:3b446a8d-8374-4088-846f-225155343891;Shared with avenior,26/Aug/26 2:42 PM;712020:bf29b759-0312-4089-99ad-f56191f124a0;No CVs recevied.,27/Aug/26 8:51 AM;712020:ec9d4891-6015-4d98-9edb-e2d531338090;shared with Letitbex AI ,27/Aug/26 2:32 PM;712020:3b446a8d-8374-4088-846f-225155343891;No profiles,27/Aug/26 3:24 PM;63804f3f213a315af3473e76;[~accountid:712020:ec9d4891-6015-4d98-9edb-e2d531338090] any update from this vendor?,27/Aug/26 3:29 PM;712020:ec9d4891-6015-4d98-9edb-e2d531338090;[~accountid:63804f3f213a315af3473e76] yes 3 but with high budget 2.5 lpm with notice period 
OUT-21815,53094,GenAI / Cloud / Terraform Engineer,Devlabs,,8 yrs,hyderabad(hybrid),Open,17/Jun/26 1:26 PM,Chahak Pandya,Garv Gulati,Paras Gulati,Prashant Singh Hada,Sarthak Solanki,Shivani Sinha,Tanvi Saxena,712020:07b19da2-e557-418b-a72b-435fd3d74c4f,712020:ec9d4891-6015-4d98-9edb-e2d531338090,6400dafa4307e46ad144cb7f,712020:3b446a8d-8374-4088-846f-225155343891,712020:bf29b759-0312-4089-99ad-f56191f124a0,712020:9388b521-3985-43aa-80a7-8fe219fc219d,712020:180b6eb2-dca6-4aec-b67b-23a22e971f04,Tanvi Saxena,712020:180b6eb2-dca6-4aec-b67b-23a22e971f04,"17/Jun/26 2:22 PM;63804f3f213a315af3473e76;crewAi and other requireqment like LORA , he don’t have  expierence [~accountid:712020:180b6eb2-dca6-4aec-b67b-23a22e971f04]  but can learn for interview- Vishal","18/Aug/26 2:43 PM;712020:3b446a8d-8374-4088-846f-225155343891;shared with  [sanathanaars|mailto:anusha@sanathanaars.co], they will share profile tomorrow
still - they getting issue with their  database not able to fetch the profile ",20/Aug/26 11:29 AM;6400dafa4307e46ad144cb7f;[~accountid:712020:3b446a8d-8374-4088-846f-225155343891]  what is the update here ?,"20/Aug/26 12:35 PM;712020:3b446a8d-8374-4088-846f-225155343891;[~accountid:6400dafa4307e46ad144cb7f] Today  we have onboarded a new vendor for AI/ML and GenAI ,  Hyderabad location; shared the req with them. they are checking with the team  ","21/Aug/26 1:24 PM;712020:3b446a8d-8374-4088-846f-225155343891;One profile received from aventra,ai, scheduling for monday","24/Aug/26 1:17 PM;712020:3b446a8d-8374-4088-846f-225155343891;Rejected   in internal, ask to share more",24/Aug/26 3:20 PM;63804f3f213a315af3473e76;Recruitment Team not receiving profile ,26/Aug/26 9:22 AM;712020:3b446a8d-8374-4088-846f-225155343891;shared with avenior,26/Aug/26 2:43 PM;712020:bf29b759-0312-4089-99ad-f56191f124a0;No new CVs recevied.,27/Aug/26 8:51 AM;712020:ec9d4891-6015-4d98-9edb-e2d531338090;shared with Letitbex AI ,27/Aug/26 2:32 PM;712020:3b446a8d-8374-4088-846f-225155343891;NO profiles,27/Aug/26 3:25 PM;63804f3f213a315af3473e76;[~accountid:712020:ec9d4891-6015-4d98-9edb-e2d531338090] Profile Received from this vendor?,27/Aug/26 3:29 PM;712020:ec9d4891-6015-4d98-9edb-e2d531338090;[~accountid:63804f3f213a315af3473e76] no,,,,
